cozeerin;gaetan;g.zerin@baton-rouge.fr;Semi_pro
cozerin;boris;b.zerin@baton-rouge.fr;Pro
cozerin;olivier;o.zerin@baton-rouge.fr;Junior
jackson;michael;m.jackson@baton-rouge.fr;Non_admis
leponge;bob;b.leponge@baton-rouge.fr;Non_admis
copain;patrick;p.copain@baton-rouge.fr;Junior
coco;chanel;c.coco@baton-rouge.fr;Junior
gros;petit;p.gros@baton-rouge.fr;Semi_pro
jordan;michael;m.jordan@baton-rouge.fr;Non_admis
dsds;raptor;r.dsds@baton-rouge.fr;Pro
coco;rapetit;r.coco@baton-rouge.fr;Junior
